username,password,P_username,order.creditCard,order.expiryDate,account.firstName,account.lastName,account.email,account.phone,account.address1,account.city,account.state,account.zip,account.country
BBD382,Test@1234,ABD1232,1.23E+11,Sep-52,Atesting382,Testinga382,Atoz@gmail.com,9991110382,1-2-3-406,Noida,UP,500482,Aus
BBD383,Test@1234,ABD1233,1.23E+11,Oct-52,Atesting383,Testinga383,Atoz@gmail.com,9991110383,1-2-3-407,Delhi,MP,500483,Eng
BBD384,Test@1234,ABD1234,1.23E+11,Nov-52,Atesting384,Testinga384,Atoz@gmail.com,9991110384,1-2-3-408,gp,AP,500484,Fin
BBD385,Test@1234,ABD1235,1.23E+11,Dec-52,Atesting385,Testinga385,Atoz@gmail.com,9991110385,1-2-3-409,ap,Ch,500485,Can
BBD386,Test@1234,ABD1236,1.23E+11,Jan-53,Atesting386,Testinga386,Atoz@gmail.com,9991110386,1-2-3-410,Hyd,Tel,500486,Ind
BBD387,Test@1234,ABD1237,1.23E+11,Feb-53,Atesting387,Testinga387,Atoz@gmail.com,9991110387,1-2-3-411,Noida,UP,500487,Aus
BBD388,Test@1234,ABD1238,1.23E+11,Mar-53,Atesting388,Testinga388,Atoz@gmail.com,9991110388,1-2-3-412,Delhi,MP,500488,Eng
BBD389,Test@1234,ABD1239,1.23E+11,Apr-53,Atesting389,Testinga389,Atoz@gmail.com,9991110389,1-2-3-413,gp,AP,500489,Fin
BBD390,Test@1234,ABD1240,1.23E+11,May-53,Atesting390,Testinga390,Atoz@gmail.com,9991110390,1-2-3-414,ap,Ch,500490,Can
BBD391,Test@1234,ABD1231,1.23E+11,Jun-53,Atesting391,Testinga391,Atoz@gmail.com,9991110391,1-2-3-415,Hyd,Tel,500491,Ind
BBD392,Test@1234,ABD1232,1.23E+11,Jul-53,Atesting392,Testinga392,Atoz@gmail.com,9991110392,1-2-3-416,Noida,UP,500492,Aus
BBD393,Test@1234,ABD1233,1.23E+11,Aug-53,Atesting393,Testinga393,Atoz@gmail.com,9991110393,1-2-3-417,Delhi,MP,500493,Eng
BBD394,Test@1234,ABD1234,1.23E+11,Sep-53,Atesting394,Testinga394,Atoz@gmail.com,9991110394,1-2-3-418,gp,AP,500494,Fin
BBD395,Test@1234,ABD1235,1.23E+11,Oct-53,Atesting395,Testinga395,Atoz@gmail.com,9991110395,1-2-3-419,ap,Ch,500495,Can
BBD396,Test@1234,ABD1236,1.23E+11,Nov-53,Atesting396,Testinga396,Atoz@gmail.com,9991110396,1-2-3-420,Hyd,Tel,500496,Ind
BBD397,Test@1234,ABD1237,1.23E+11,Dec-53,Atesting397,Testinga397,Atoz@gmail.com,9991110397,1-2-3-421,Noida,UP,500497,Aus
BBD398,Test@1234,ABD1238,1.23E+11,Jan-54,Atesting398,Testinga398,Atoz@gmail.com,9991110398,1-2-3-422,Delhi,MP,500498,Eng
BBD399,Test@1234,ABD1239,1.23E+11,Feb-54,Atesting399,Testinga399,Atoz@gmail.com,9991110399,1-2-3-423,gp,AP,500499,Fin
BBD400,Test@1234,ABD1240,1.23E+11,Mar-54,Atesting400,Testinga400,Atoz@gmail.com,9991110400,1-2-3-424,ap,Ch,500500,Can
BBD401,Test@1234,ABD1231,1.23E+11,Apr-54,Atesting401,Testinga401,Atoz@gmail.com,9991110401,1-2-3-425,Hyd,Tel,500501,Ind
BBD402,Test@1234,ABD1232,1.23E+11,May-54,Atesting402,Testinga402,Atoz@gmail.com,9991110402,1-2-3-426,Noida,UP,500502,Aus
BBD403,Test@1234,ABD1233,1.23E+11,Jun-54,Atesting403,Testinga403,Atoz@gmail.com,9991110403,1-2-3-427,Delhi,MP,500503,Eng
BBD404,Test@1234,ABD1234,1.23E+11,Jul-54,Atesting404,Testinga404,Atoz@gmail.com,9991110404,1-2-3-428,gp,AP,500504,Fin
BBD405,Test@1234,ABD1235,1.23E+11,Aug-54,Atesting405,Testinga405,Atoz@gmail.com,9991110405,1-2-3-429,ap,Ch,500505,Can
BBD406,Test@1234,ABD1236,1.23E+11,Sep-54,Atesting406,Testinga406,Atoz@gmail.com,9991110406,1-2-3-430,Hyd,Tel,500506,Ind
BBD407,Test@1234,ABD1237,1.23E+11,Oct-54,Atesting407,Testinga407,Atoz@gmail.com,9991110407,1-2-3-431,Noida,UP,500507,Aus
BBD408,Test@1234,ABD1238,1.23E+11,Nov-54,Atesting408,Testinga408,Atoz@gmail.com,9991110408,1-2-3-432,Delhi,MP,500508,Eng
BBD409,Test@1234,ABD1239,1.23E+11,Dec-54,Atesting409,Testinga409,Atoz@gmail.com,9991110409,1-2-3-433,gp,AP,500509,Fin
BBD410,Test@1234,ABD1240,1.23E+11,Jan-55,Atesting410,Testinga410,Atoz@gmail.com,9991110410,1-2-3-434,ap,Ch,500510,Can
BBD411,Test@1234,ABD1231,1.23E+11,Feb-55,Atesting411,Testinga411,Atoz@gmail.com,9991110411,1-2-3-435,Hyd,Tel,500511,Ind
BBD412,Test@1234,ABD1232,1.23E+11,Mar-55,Atesting412,Testinga412,Atoz@gmail.com,9991110412,1-2-3-436,Noida,UP,500512,Aus
BBD413,Test@1234,ABD1233,1.23E+11,Apr-55,Atesting413,Testinga413,Atoz@gmail.com,9991110413,1-2-3-437,Delhi,MP,500513,Eng
BBD414,Test@1234,ABD1234,1.23E+11,May-55,Atesting414,Testinga414,Atoz@gmail.com,9991110414,1-2-3-438,gp,AP,500514,Fin
BBD415,Test@1234,ABD1235,1.23E+11,Jun-55,Atesting415,Testinga415,Atoz@gmail.com,9991110415,1-2-3-439,ap,Ch,500515,Can
BBD416,Test@1234,ABD1236,1.23E+11,Jul-55,Atesting416,Testinga416,Atoz@gmail.com,9991110416,1-2-3-440,Hyd,Tel,500516,Ind
BBD417,Test@1234,ABD1237,1.23E+11,Aug-55,Atesting417,Testinga417,Atoz@gmail.com,9991110417,1-2-3-441,Noida,UP,500517,Aus
BBD418,Test@1234,ABD1238,1.23E+11,Sep-55,Atesting418,Testinga418,Atoz@gmail.com,9991110418,1-2-3-442,Delhi,MP,500518,Eng
BBD419,Test@1234,ABD1239,1.23E+11,Oct-55,Atesting419,Testinga419,Atoz@gmail.com,9991110419,1-2-3-443,gp,AP,500519,Fin
BBD420,Test@1234,ABD1240,1.23E+11,Nov-55,Atesting420,Testinga420,Atoz@gmail.com,9991110420,1-2-3-444,ap,Ch,500520,Can
BBD421,Test@1234,ABD1231,1.23E+11,Dec-55,Atesting421,Testinga421,Atoz@gmail.com,9991110421,1-2-3-445,Hyd,Tel,500521,Ind
BBD422,Test@1234,ABD1232,1.23E+11,Jan-56,Atesting422,Testinga422,Atoz@gmail.com,9991110422,1-2-3-446,Noida,UP,500522,Aus
BBD423,Test@1234,ABD1233,1.23E+11,Feb-56,Atesting423,Testinga423,Atoz@gmail.com,9991110423,1-2-3-447,Delhi,MP,500523,Eng
BBD424,Test@1234,ABD1234,1.23E+11,Mar-56,Atesting424,Testinga424,Atoz@gmail.com,9991110424,1-2-3-448,gp,AP,500524,Fin
BBD425,Test@1234,ABD1235,1.23E+11,Apr-56,Atesting425,Testinga425,Atoz@gmail.com,9991110425,1-2-3-449,ap,Ch,500525,Can
BBD426,Test@1234,ABD1236,1.23E+11,May-56,Atesting426,Testinga426,Atoz@gmail.com,9991110426,1-2-3-450,Hyd,Tel,500526,Ind
BBD427,Test@1234,ABD1237,1.23E+11,Jun-56,Atesting427,Testinga427,Atoz@gmail.com,9991110427,1-2-3-451,Noida,UP,500527,Aus
BBD428,Test@1234,ABD1238,1.23E+11,Jul-56,Atesting428,Testinga428,Atoz@gmail.com,9991110428,1-2-3-452,Delhi,MP,500528,Eng
BBD429,Test@1234,ABD1239,1.23E+11,Aug-56,Atesting429,Testinga429,Atoz@gmail.com,9991110429,1-2-3-453,gp,AP,500529,Fin
BBD430,Test@1234,ABD1240,1.23E+11,Sep-56,Atesting430,Testinga430,Atoz@gmail.com,9991110430,1-2-3-454,ap,Ch,500530,Can
BBD431,Test@1234,ABD1231,1.23E+11,Oct-56,Atesting431,Testinga431,Atoz@gmail.com,9991110431,1-2-3-455,Hyd,Tel,500531,Ind
BBD432,Test@1234,ABD1232,1.23E+11,Nov-56,Atesting432,Testinga432,Atoz@gmail.com,9991110432,1-2-3-456,Noida,UP,500532,Aus
BBD433,Test@1234,ABD1233,1.23E+11,Dec-56,Atesting433,Testinga433,Atoz@gmail.com,9991110433,1-2-3-457,Delhi,MP,500533,Eng
BBD434,Test@1234,ABD1234,1.23E+11,Jan-57,Atesting434,Testinga434,Atoz@gmail.com,9991110434,1-2-3-458,gp,AP,500534,Fin
BBD435,Test@1234,ABD1235,1.23E+11,Feb-57,Atesting435,Testinga435,Atoz@gmail.com,9991110435,1-2-3-459,ap,Ch,500535,Can
BBD436,Test@1234,ABD1236,1.23E+11,Mar-57,Atesting436,Testinga436,Atoz@gmail.com,9991110436,1-2-3-460,Hyd,Tel,500536,Ind
BBD437,Test@1234,ABD1237,1.23E+11,Apr-57,Atesting437,Testinga437,Atoz@gmail.com,9991110437,1-2-3-461,Noida,UP,500537,Aus
BBD438,Test@1234,ABD1238,1.23E+11,May-57,Atesting438,Testinga438,Atoz@gmail.com,9991110438,1-2-3-462,Delhi,MP,500538,Eng
BBD439,Test@1234,ABD1239,1.23E+11,Jun-57,Atesting439,Testinga439,Atoz@gmail.com,9991110439,1-2-3-463,gp,AP,500539,Fin
BBD440,Test@1234,ABD1240,1.23E+11,Jul-57,Atesting440,Testinga440,Atoz@gmail.com,9991110440,1-2-3-464,ap,Ch,500540,Can
BBD441,Test@1234,ABD1231,1.23E+11,Aug-57,Atesting441,Testinga441,Atoz@gmail.com,9991110441,1-2-3-465,Hyd,Tel,500541,Ind
BBD442,Test@1234,ABD1232,1.23E+11,Sep-57,Atesting442,Testinga442,Atoz@gmail.com,9991110442,1-2-3-466,Noida,UP,500542,Aus
BBD443,Test@1234,ABD1233,1.23E+11,Oct-57,Atesting443,Testinga443,Atoz@gmail.com,9991110443,1-2-3-467,Delhi,MP,500543,Eng
BBD444,Test@1234,ABD1234,1.23E+11,Nov-57,Atesting444,Testinga444,Atoz@gmail.com,9991110444,1-2-3-468,gp,AP,500544,Fin
BBD445,Test@1234,ABD1235,1.23E+11,Dec-57,Atesting445,Testinga445,Atoz@gmail.com,9991110445,1-2-3-469,ap,Ch,500545,Can
BBD446,Test@1234,ABD1236,1.23E+11,Jan-58,Atesting446,Testinga446,Atoz@gmail.com,9991110446,1-2-3-470,Hyd,Tel,500546,Ind
BBD447,Test@1234,ABD1237,1.23E+11,Feb-58,Atesting447,Testinga447,Atoz@gmail.com,9991110447,1-2-3-471,Noida,UP,500547,Aus
BBD448,Test@1234,ABD1238,1.23E+11,Mar-58,Atesting448,Testinga448,Atoz@gmail.com,9991110448,1-2-3-472,Delhi,MP,500548,Eng
BBD449,Test@1234,ABD1239,1.23E+11,Apr-58,Atesting449,Testinga449,Atoz@gmail.com,9991110449,1-2-3-473,gp,AP,500549,Fin
BBD450,Test@1234,ABD1240,1.23E+11,May-58,Atesting450,Testinga450,Atoz@gmail.com,9991110450,1-2-3-474,ap,Ch,500550,Can
BBD451,Test@1234,ABD1231,1.23E+11,Jun-58,Atesting451,Testinga451,Atoz@gmail.com,9991110451,1-2-3-475,Hyd,Tel,500551,Ind
BBD452,Test@1234,ABD1232,1.23E+11,Jul-58,Atesting452,Testinga452,Atoz@gmail.com,9991110452,1-2-3-476,Noida,UP,500552,Aus
BBD453,Test@1234,ABD1233,1.23E+11,Aug-58,Atesting453,Testinga453,Atoz@gmail.com,9991110453,1-2-3-477,Delhi,MP,500553,Eng
BBD454,Test@1234,ABD1234,1.23E+11,Sep-58,Atesting454,Testinga454,Atoz@gmail.com,9991110454,1-2-3-478,gp,AP,500554,Fin
BBD455,Test@1234,ABD1235,1.23E+11,Oct-58,Atesting455,Testinga455,Atoz@gmail.com,9991110455,1-2-3-479,ap,Ch,500555,Can
BBD456,Test@1234,ABD1236,1.23E+11,Nov-58,Atesting456,Testinga456,Atoz@gmail.com,9991110456,1-2-3-480,Hyd,Tel,500556,Ind
BBD457,Test@1234,ABD1237,1.23E+11,Dec-58,Atesting457,Testinga457,Atoz@gmail.com,9991110457,1-2-3-481,Noida,UP,500557,Aus
BBD458,Test@1234,ABD1238,1.23E+11,Jan-59,Atesting458,Testinga458,Atoz@gmail.com,9991110458,1-2-3-482,Delhi,MP,500558,Eng
BBD459,Test@1234,ABD1239,1.23E+11,Feb-59,Atesting459,Testinga459,Atoz@gmail.com,9991110459,1-2-3-483,gp,AP,500559,Fin
BBD460,Test@1234,ABD1240,1.23E+11,Mar-59,Atesting460,Testinga460,Atoz@gmail.com,9991110460,1-2-3-484,ap,Ch,500560,Can
BBD461,Test@1234,ABD1231,1.23E+11,Apr-59,Atesting461,Testinga461,Atoz@gmail.com,9991110461,1-2-3-485,Hyd,Tel,500561,Ind
BBD462,Test@1234,ABD1232,1.23E+11,May-59,Atesting462,Testinga462,Atoz@gmail.com,9991110462,1-2-3-486,Noida,UP,500562,Aus
BBD463,Test@1234,ABD1233,1.23E+11,Jun-59,Atesting463,Testinga463,Atoz@gmail.com,9991110463,1-2-3-487,Delhi,MP,500563,Eng
BBD464,Test@1234,ABD1234,1.23E+11,Jul-59,Atesting464,Testinga464,Atoz@gmail.com,9991110464,1-2-3-488,gp,AP,500564,Fin
BBD465,Test@1234,ABD1235,1.23E+11,Aug-59,Atesting465,Testinga465,Atoz@gmail.com,9991110465,1-2-3-489,ap,Ch,500565,Can
BBD466,Test@1234,ABD1236,1.23E+11,Sep-59,Atesting466,Testinga466,Atoz@gmail.com,9991110466,1-2-3-490,Hyd,Tel,500566,Ind
BBD467,Test@1234,ABD1237,1.23E+11,Oct-59,Atesting467,Testinga467,Atoz@gmail.com,9991110467,1-2-3-491,Noida,UP,500567,Aus
BBD468,Test@1234,ABD1238,1.23E+11,Nov-59,Atesting468,Testinga468,Atoz@gmail.com,9991110468,1-2-3-492,Delhi,MP,500568,Eng
BBD469,Test@1234,ABD1239,1.23E+11,Dec-59,Atesting469,Testinga469,Atoz@gmail.com,9991110469,1-2-3-493,gp,AP,500569,Fin
BBD470,Test@1234,ABD1240,1.23E+11,Jan-60,Atesting470,Testinga470,Atoz@gmail.com,9991110470,1-2-3-494,ap,Ch,500570,Can
BBD471,Test@1234,ABD1231,1.23E+11,Feb-60,Atesting471,Testinga471,Atoz@gmail.com,9991110471,1-2-3-495,Hyd,Tel,500571,Ind
BBD472,Test@1234,ABD1232,1.23E+11,Mar-60,Atesting472,Testinga472,Atoz@gmail.com,9991110472,1-2-3-496,Noida,UP,500572,Aus
BBD473,Test@1234,ABD1233,1.23E+11,Apr-60,Atesting473,Testinga473,Atoz@gmail.com,9991110473,1-2-3-497,Delhi,MP,500573,Eng
BBD474,Test@1234,ABD1234,1.23E+11,May-60,Atesting474,Testinga474,Atoz@gmail.com,9991110474,1-2-3-498,gp,AP,500574,Fin
BBD475,Test@1234,ABD1235,1.23E+11,Jun-60,Atesting475,Testinga475,Atoz@gmail.com,9991110475,1-2-3-499,ap,Ch,500575,Can
BBD476,Test@1234,ABD1236,1.23E+11,Jul-60,Atesting476,Testinga476,Atoz@gmail.com,9991110476,1-2-3-500,Hyd,Tel,500576,Ind
BBD477,Test@1234,ABD1237,1.23E+11,Aug-60,Atesting477,Testinga477,Atoz@gmail.com,9991110477,1-2-3-501,Noida,UP,500577,Aus
BBD478,Test@1234,ABD1238,1.23E+11,Sep-60,Atesting478,Testinga478,Atoz@gmail.com,9991110478,1-2-3-502,Delhi,MP,500578,Eng
BBD479,Test@1234,ABD1239,1.23E+11,Oct-60,Atesting479,Testinga479,Atoz@gmail.com,9991110479,1-2-3-503,gp,AP,500579,Fin
BBD480,Test@1234,ABD1240,1.23E+11,Nov-60,Atesting480,Testinga480,Atoz@gmail.com,9991110480,1-2-3-504,ap,Ch,500580,Can
BBD481,Test@1234,ABD1231,1.23E+11,Dec-60,Atesting481,Testinga481,Atoz@gmail.com,9991110481,1-2-3-505,Hyd,Tel,500581,Ind
BBD482,Test@1234,ABD1232,1.23E+11,Jan-61,Atesting482,Testinga482,Atoz@gmail.com,9991110482,1-2-3-506,Noida,UP,500582,Aus
BBD483,Test@1234,ABD1233,1.23E+11,Feb-61,Atesting483,Testinga483,Atoz@gmail.com,9991110483,1-2-3-507,Delhi,MP,500583,Eng
BBD484,Test@1234,ABD1234,1.23E+11,Mar-61,Atesting484,Testinga484,Atoz@gmail.com,9991110484,1-2-3-508,gp,AP,500584,Fin
BBD485,Test@1234,ABD1235,1.23E+11,Apr-61,Atesting485,Testinga485,Atoz@gmail.com,9991110485,1-2-3-509,ap,Ch,500585,Can
BBD486,Test@1234,ABD1236,1.23E+11,May-61,Atesting486,Testinga486,Atoz@gmail.com,9991110486,1-2-3-510,Hyd,Tel,500586,Ind
BBD487,Test@1234,ABD1237,1.23E+11,Jun-61,Atesting487,Testinga487,Atoz@gmail.com,9991110487,1-2-3-511,Noida,UP,500587,Aus
BBD488,Test@1234,ABD1238,1.23E+11,Jul-61,Atesting488,Testinga488,Atoz@gmail.com,9991110488,1-2-3-512,Delhi,MP,500588,Eng
BBD489,Test@1234,ABD1239,1.23E+11,Aug-61,Atesting489,Testinga489,Atoz@gmail.com,9991110489,1-2-3-513,gp,AP,500589,Fin
BBD490,Test@1234,ABD1240,1.23E+11,Sep-61,Atesting490,Testinga490,Atoz@gmail.com,9991110490,1-2-3-514,ap,Ch,500590,Can
BBD491,Test@1234,ABD1231,1.23E+11,Oct-61,Atesting491,Testinga491,Atoz@gmail.com,9991110491,1-2-3-515,Hyd,Tel,500591,Ind
BBD492,Test@1234,ABD1232,1.23E+11,Nov-61,Atesting492,Testinga492,Atoz@gmail.com,9991110492,1-2-3-516,Noida,UP,500592,Aus
BBD493,Test@1234,ABD1233,1.23E+11,Dec-61,Atesting493,Testinga493,Atoz@gmail.com,9991110493,1-2-3-517,Delhi,MP,500593,Eng
BBD494,Test@1234,ABD1234,1.23E+11,Jan-62,Atesting494,Testinga494,Atoz@gmail.com,9991110494,1-2-3-518,gp,AP,500594,Fin
BBD495,Test@1234,ABD1235,1.23E+11,Feb-62,Atesting495,Testinga495,Atoz@gmail.com,9991110495,1-2-3-519,ap,Ch,500595,Can
BBD496,Test@1234,ABD1236,1.23E+11,Mar-62,Atesting496,Testinga496,Atoz@gmail.com,9991110496,1-2-3-520,Hyd,Tel,500596,Ind
BBD497,Test@1234,ABD1237,1.23E+11,Apr-62,Atesting497,Testinga497,Atoz@gmail.com,9991110497,1-2-3-521,Noida,UP,500597,Aus
BBD498,Test@1234,ABD1238,1.23E+11,May-62,Atesting498,Testinga498,Atoz@gmail.com,9991110498,1-2-3-522,Delhi,MP,500598,Eng
BBD499,Test@1234,ABD1239,1.23E+11,Jun-62,Atesting499,Testinga499,Atoz@gmail.com,9991110499,1-2-3-523,gp,AP,500599,Fin
BBD500,Test@1234,ABD1240,1.23E+11,Jul-62,Atesting500,Testinga500,Atoz@gmail.com,9991110500,1-2-3-524,ap,Ch,500600,Can
BBD501,Test@1234,ABD1231,1.23E+11,Aug-62,Atesting501,Testinga501,Atoz@gmail.com,9991110501,1-2-3-525,Hyd,Tel,500601,Ind
BBD502,Test@1234,ABD1232,1.23E+11,Sep-62,Atesting502,Testinga502,Atoz@gmail.com,9991110502,1-2-3-526,Noida,UP,500602,Aus
BBD503,Test@1234,ABD1233,1.23E+11,Oct-62,Atesting503,Testinga503,Atoz@gmail.com,9991110503,1-2-3-527,Delhi,MP,500603,Eng
BBD504,Test@1234,ABD1234,1.23E+11,Nov-62,Atesting504,Testinga504,Atoz@gmail.com,9991110504,1-2-3-528,gp,AP,500604,Fin
BBD505,Test@1234,ABD1235,1.23E+11,Dec-62,Atesting505,Testinga505,Atoz@gmail.com,9991110505,1-2-3-529,ap,Ch,500605,Can
BBD506,Test@1234,ABD1236,1.23E+11,Jan-63,Atesting506,Testinga506,Atoz@gmail.com,9991110506,1-2-3-530,Hyd,Tel,500606,Ind
BBD507,Test@1234,ABD1237,1.23E+11,Feb-63,Atesting507,Testinga507,Atoz@gmail.com,9991110507,1-2-3-531,Noida,UP,500607,Aus
BBD508,Test@1234,ABD1238,1.23E+11,Mar-63,Atesting508,Testinga508,Atoz@gmail.com,9991110508,1-2-3-532,Delhi,MP,500608,Eng
BBD509,Test@1234,ABD1239,1.23E+11,Apr-63,Atesting509,Testinga509,Atoz@gmail.com,9991110509,1-2-3-533,gp,AP,500609,Fin
BBD510,Test@1234,ABD1240,1.23E+11,May-63,Atesting510,Testinga510,Atoz@gmail.com,9991110510,1-2-3-534,ap,Ch,500610,Can
BBD511,Test@1234,ABD1231,1.23E+11,Jun-63,Atesting511,Testinga511,Atoz@gmail.com,9991110511,1-2-3-535,Hyd,Tel,500611,Ind
BBD512,Test@1234,ABD1232,1.23E+11,Jul-63,Atesting512,Testinga512,Atoz@gmail.com,9991110512,1-2-3-536,Noida,UP,500612,Aus
BBD513,Test@1234,ABD1233,1.23E+11,Aug-63,Atesting513,Testinga513,Atoz@gmail.com,9991110513,1-2-3-537,Delhi,MP,500613,Eng
BBD514,Test@1234,ABD1234,1.23E+11,Sep-63,Atesting514,Testinga514,Atoz@gmail.com,9991110514,1-2-3-538,gp,AP,500614,Fin
BBD515,Test@1234,ABD1235,1.23E+11,Oct-63,Atesting515,Testinga515,Atoz@gmail.com,9991110515,1-2-3-539,ap,Ch,500615,Can
BBD516,Test@1234,ABD1236,1.23E+11,Nov-63,Atesting516,Testinga516,Atoz@gmail.com,9991110516,1-2-3-540,Hyd,Tel,500616,Ind
BBD517,Test@1234,ABD1237,1.23E+11,Dec-63,Atesting517,Testinga517,Atoz@gmail.com,9991110517,1-2-3-541,Noida,UP,500617,Aus
BBD518,Test@1234,ABD1238,1.23E+11,Jan-64,Atesting518,Testinga518,Atoz@gmail.com,9991110518,1-2-3-542,Delhi,MP,500618,Eng
BBD519,Test@1234,ABD1239,1.23E+11,Feb-64,Atesting519,Testinga519,Atoz@gmail.com,9991110519,1-2-3-543,gp,AP,500619,Fin
BBD520,Test@1234,ABD1240,1.23E+11,Mar-64,Atesting520,Testinga520,Atoz@gmail.com,9991110520,1-2-3-544,ap,Ch,500620,Can
BBD521,Test@1234,ABD1231,1.23E+11,Apr-64,Atesting521,Testinga521,Atoz@gmail.com,9991110521,1-2-3-545,Hyd,Tel,500621,Ind
BBD522,Test@1234,ABD1232,1.23E+11,May-64,Atesting522,Testinga522,Atoz@gmail.com,9991110522,1-2-3-546,Noida,UP,500622,Aus
BBD523,Test@1234,ABD1233,1.23E+11,Jun-64,Atesting523,Testinga523,Atoz@gmail.com,9991110523,1-2-3-547,Delhi,MP,500623,Eng
BBD524,Test@1234,ABD1234,1.23E+11,Jul-64,Atesting524,Testinga524,Atoz@gmail.com,9991110524,1-2-3-548,gp,AP,500624,Fin
BBD525,Test@1234,ABD1235,1.23E+11,Aug-64,Atesting525,Testinga525,Atoz@gmail.com,9991110525,1-2-3-549,ap,Ch,500625,Can
BBD526,Test@1234,ABD1236,1.23E+11,Sep-64,Atesting526,Testinga526,Atoz@gmail.com,9991110526,1-2-3-550,Hyd,Tel,500626,Ind
BBD527,Test@1234,ABD1237,1.23E+11,Oct-64,Atesting527,Testinga527,Atoz@gmail.com,9991110527,1-2-3-551,Noida,UP,500627,Aus
BBD528,Test@1234,ABD1238,1.23E+11,Nov-64,Atesting528,Testinga528,Atoz@gmail.com,9991110528,1-2-3-552,Delhi,MP,500628,Eng
BBD529,Test@1234,ABD1239,1.23E+11,Dec-64,Atesting529,Testinga529,Atoz@gmail.com,9991110529,1-2-3-553,gp,AP,500629,Fin
BBD530,Test@1234,ABD1240,1.23E+11,Jan-65,Atesting530,Testinga530,Atoz@gmail.com,9991110530,1-2-3-554,ap,Ch,500630,Can
BBD531,Test@1234,ABD1231,1.23E+11,Feb-65,Atesting531,Testinga531,Atoz@gmail.com,9991110531,1-2-3-555,Hyd,Tel,500631,Ind
BBD532,Test@1234,ABD1232,1.23E+11,Mar-65,Atesting532,Testinga532,Atoz@gmail.com,9991110532,1-2-3-556,Noida,UP,500632,Aus
BBD533,Test@1234,ABD1233,1.23E+11,Apr-65,Atesting533,Testinga533,Atoz@gmail.com,9991110533,1-2-3-557,Delhi,MP,500633,Eng
BBD534,Test@1234,ABD1234,1.23E+11,May-65,Atesting534,Testinga534,Atoz@gmail.com,9991110534,1-2-3-558,gp,AP,500634,Fin
BBD535,Test@1234,ABD1235,1.23E+11,Jun-65,Atesting535,Testinga535,Atoz@gmail.com,9991110535,1-2-3-559,ap,Ch,500635,Can
BBD536,Test@1234,ABD1236,1.23E+11,Jul-65,Atesting536,Testinga536,Atoz@gmail.com,9991110536,1-2-3-560,Hyd,Tel,500636,Ind
BBD537,Test@1234,ABD1237,1.23E+11,Aug-65,Atesting537,Testinga537,Atoz@gmail.com,9991110537,1-2-3-561,Noida,UP,500637,Aus
BBD538,Test@1234,ABD1238,1.23E+11,Sep-65,Atesting538,Testinga538,Atoz@gmail.com,9991110538,1-2-3-562,Delhi,MP,500638,Eng
BBD539,Test@1234,ABD1239,1.23E+11,Oct-65,Atesting539,Testinga539,Atoz@gmail.com,9991110539,1-2-3-563,gp,AP,500639,Fin
BBD540,Test@1234,ABD1240,1.23E+11,Nov-65,Atesting540,Testinga540,Atoz@gmail.com,9991110540,1-2-3-564,ap,Ch,500640,Can
BBD541,Test@1234,ABD1231,1.23E+11,Dec-65,Atesting541,Testinga541,Atoz@gmail.com,9991110541,1-2-3-565,Hyd,Tel,500641,Ind
BBD542,Test@1234,ABD1232,1.23E+11,Jan-66,Atesting542,Testinga542,Atoz@gmail.com,9991110542,1-2-3-566,Noida,UP,500642,Aus
BBD543,Test@1234,ABD1233,1.23E+11,Feb-66,Atesting543,Testinga543,Atoz@gmail.com,9991110543,1-2-3-567,Delhi,MP,500643,Eng
BBD544,Test@1234,ABD1234,1.23E+11,Mar-66,Atesting544,Testinga544,Atoz@gmail.com,9991110544,1-2-3-568,gp,AP,500644,Fin
BBD545,Test@1234,ABD1235,1.23E+11,Apr-66,Atesting545,Testinga545,Atoz@gmail.com,9991110545,1-2-3-569,ap,Ch,500645,Can
BBD546,Test@1234,ABD1236,1.23E+11,May-66,Atesting546,Testinga546,Atoz@gmail.com,9991110546,1-2-3-570,Hyd,Tel,500646,Ind
BBD547,Test@1234,ABD1237,1.23E+11,Jun-66,Atesting547,Testinga547,Atoz@gmail.com,9991110547,1-2-3-571,Noida,UP,500647,Aus
BBD548,Test@1234,ABD1238,1.23E+11,Jul-66,Atesting548,Testinga548,Atoz@gmail.com,9991110548,1-2-3-572,Delhi,MP,500648,Eng
BBD549,Test@1234,ABD1239,1.23E+11,Aug-66,Atesting549,Testinga549,Atoz@gmail.com,9991110549,1-2-3-573,gp,AP,500649,Fin
BBD550,Test@1234,ABD1240,1.23E+11,Sep-66,Atesting550,Testinga550,Atoz@gmail.com,9991110550,1-2-3-574,ap,Ch,500650,Can
BBD551,Test@1234,ABD1231,1.23E+11,Oct-66,Atesting551,Testinga551,Atoz@gmail.com,9991110551,1-2-3-575,Hyd,Tel,500651,Ind
BBD552,Test@1234,ABD1232,1.23E+11,Nov-66,Atesting552,Testinga552,Atoz@gmail.com,9991110552,1-2-3-576,Noida,UP,500652,Aus
BBD553,Test@1234,ABD1233,1.23E+11,Dec-66,Atesting553,Testinga553,Atoz@gmail.com,9991110553,1-2-3-577,Delhi,MP,500653,Eng
BBD554,Test@1234,ABD1234,1.23E+11,Jan-67,Atesting554,Testinga554,Atoz@gmail.com,9991110554,1-2-3-578,gp,AP,500654,Fin
BBD555,Test@1234,ABD1235,1.23E+11,Feb-67,Atesting555,Testinga555,Atoz@gmail.com,9991110555,1-2-3-579,ap,Ch,500655,Can
BBD556,Test@1234,ABD1236,1.23E+11,Mar-67,Atesting556,Testinga556,Atoz@gmail.com,9991110556,1-2-3-580,Hyd,Tel,500656,Ind
BBD557,Test@1234,ABD1237,1.23E+11,Apr-67,Atesting557,Testinga557,Atoz@gmail.com,9991110557,1-2-3-581,Noida,UP,500657,Aus
BBD558,Test@1234,ABD1238,1.23E+11,May-67,Atesting558,Testinga558,Atoz@gmail.com,9991110558,1-2-3-582,Delhi,MP,500658,Eng
BBD559,Test@1234,ABD1239,1.23E+11,Jun-67,Atesting559,Testinga559,Atoz@gmail.com,9991110559,1-2-3-583,gp,AP,500659,Fin
BBD560,Test@1234,ABD1240,1.23E+11,Jul-67,Atesting560,Testinga560,Atoz@gmail.com,9991110560,1-2-3-584,ap,Ch,500660,Can
BBD561,Test@1234,ABD1231,1.23E+11,Aug-67,Atesting561,Testinga561,Atoz@gmail.com,9991110561,1-2-3-585,Hyd,Tel,500661,Ind
BBD562,Test@1234,ABD1232,1.23E+11,Sep-67,Atesting562,Testinga562,Atoz@gmail.com,9991110562,1-2-3-586,Noida,UP,500662,Aus
BBD563,Test@1234,ABD1233,1.23E+11,Oct-67,Atesting563,Testinga563,Atoz@gmail.com,9991110563,1-2-3-587,Delhi,MP,500663,Eng
BBD564,Test@1234,ABD1234,1.23E+11,Nov-67,Atesting564,Testinga564,Atoz@gmail.com,9991110564,1-2-3-588,gp,AP,500664,Fin
BBD565,Test@1234,ABD1235,1.23E+11,Dec-67,Atesting565,Testinga565,Atoz@gmail.com,9991110565,1-2-3-589,ap,Ch,500665,Can
BBD566,Test@1234,ABD1236,1.23E+11,Jan-68,Atesting566,Testinga566,Atoz@gmail.com,9991110566,1-2-3-590,Hyd,Tel,500666,Ind
BBD567,Test@1234,ABD1237,1.23E+11,Feb-68,Atesting567,Testinga567,Atoz@gmail.com,9991110567,1-2-3-591,Noida,UP,500667,Aus
BBD568,Test@1234,ABD1238,1.23E+11,Mar-68,Atesting568,Testinga568,Atoz@gmail.com,9991110568,1-2-3-592,Delhi,MP,500668,Eng
BBD569,Test@1234,ABD1239,1.23E+11,Apr-68,Atesting569,Testinga569,Atoz@gmail.com,9991110569,1-2-3-593,gp,AP,500669,Fin
BBD570,Test@1234,ABD1240,1.23E+11,May-68,Atesting570,Testinga570,Atoz@gmail.com,9991110570,1-2-3-594,ap,Ch,500670,Can
BBD571,Test@1234,ABD1231,1.23E+11,Jun-68,Atesting571,Testinga571,Atoz@gmail.com,9991110571,1-2-3-595,Hyd,Tel,500671,Ind
BBD572,Test@1234,ABD1232,1.23E+11,Jul-68,Atesting572,Testinga572,Atoz@gmail.com,9991110572,1-2-3-596,Noida,UP,500672,Aus
BBD573,Test@1234,ABD1233,1.23E+11,Aug-68,Atesting573,Testinga573,Atoz@gmail.com,9991110573,1-2-3-597,Delhi,MP,500673,Eng
BBD574,Test@1234,ABD1234,1.23E+11,Sep-68,Atesting574,Testinga574,Atoz@gmail.com,9991110574,1-2-3-598,gp,AP,500674,Fin
BBD575,Test@1234,ABD1235,1.23E+11,Oct-68,Atesting575,Testinga575,Atoz@gmail.com,9991110575,1-2-3-599,ap,Ch,500675,Can
BBD576,Test@1234,ABD1236,1.23E+11,Nov-68,Atesting576,Testinga576,Atoz@gmail.com,9991110576,1-2-3-600,Hyd,Tel,500676,Ind
BBD577,Test@1234,ABD1237,1.23E+11,Dec-68,Atesting577,Testinga577,Atoz@gmail.com,9991110577,1-2-3-601,Noida,UP,500677,Aus
BBD578,Test@1234,ABD1238,1.23E+11,Jan-69,Atesting578,Testinga578,Atoz@gmail.com,9991110578,1-2-3-602,Delhi,MP,500678,Eng
BBD579,Test@1234,ABD1239,1.23E+11,Feb-69,Atesting579,Testinga579,Atoz@gmail.com,9991110579,1-2-3-603,gp,AP,500679,Fin
BBD580,Test@1234,ABD1240,1.23E+11,Mar-69,Atesting580,Testinga580,Atoz@gmail.com,9991110580,1-2-3-604,ap,Ch,500680,Can
BBD581,Test@1234,ABD1231,1.23E+11,Apr-69,Atesting581,Testinga581,Atoz@gmail.com,9991110581,1-2-3-605,Hyd,Tel,500681,Ind
BBD582,Test@1234,ABD1232,1.23E+11,May-69,Atesting582,Testinga582,Atoz@gmail.com,9991110582,1-2-3-606,Noida,UP,500682,Aus
BBD583,Test@1234,ABD1233,1.23E+11,Jun-69,Atesting583,Testinga583,Atoz@gmail.com,9991110583,1-2-3-607,Delhi,MP,500683,Eng
BBD584,Test@1234,ABD1234,1.23E+11,Jul-69,Atesting584,Testinga584,Atoz@gmail.com,9991110584,1-2-3-608,gp,AP,500684,Fin
BBD585,Test@1234,ABD1235,1.23E+11,Aug-69,Atesting585,Testinga585,Atoz@gmail.com,9991110585,1-2-3-609,ap,Ch,500685,Can
BBD586,Test@1234,ABD1236,1.23E+11,Sep-69,Atesting586,Testinga586,Atoz@gmail.com,9991110586,1-2-3-610,Hyd,Tel,500686,Ind
BBD587,Test@1234,ABD1237,1.23E+11,Oct-69,Atesting587,Testinga587,Atoz@gmail.com,9991110587,1-2-3-611,Noida,UP,500687,Aus
BBD588,Test@1234,ABD1238,1.23E+11,Nov-69,Atesting588,Testinga588,Atoz@gmail.com,9991110588,1-2-3-612,Delhi,MP,500688,Eng
BBD589,Test@1234,ABD1239,1.23E+11,Dec-69,Atesting589,Testinga589,Atoz@gmail.com,9991110589,1-2-3-613,gp,AP,500689,Fin
BBD590,Test@1234,ABD1240,1.23E+11,Jan-70,Atesting590,Testinga590,Atoz@gmail.com,9991110590,1-2-3-614,ap,Ch,500690,Can
BBD591,Test@1234,ABD1231,1.23E+11,Feb-70,Atesting591,Testinga591,Atoz@gmail.com,9991110591,1-2-3-615,Hyd,Tel,500691,Ind
BBD592,Test@1234,ABD1232,1.23E+11,Mar-70,Atesting592,Testinga592,Atoz@gmail.com,9991110592,1-2-3-616,Noida,UP,500692,Aus
BBD593,Test@1234,ABD1233,1.23E+11,Apr-70,Atesting593,Testinga593,Atoz@gmail.com,9991110593,1-2-3-617,Delhi,MP,500693,Eng
BBD594,Test@1234,ABD1234,1.23E+11,May-70,Atesting594,Testinga594,Atoz@gmail.com,9991110594,1-2-3-618,gp,AP,500694,Fin
BBD595,Test@1234,ABD1235,1.23E+11,Jun-70,Atesting595,Testinga595,Atoz@gmail.com,9991110595,1-2-3-619,ap,Ch,500695,Can
BBD596,Test@1234,ABD1236,1.23E+11,Jul-70,Atesting596,Testinga596,Atoz@gmail.com,9991110596,1-2-3-620,Hyd,Tel,500696,Ind
BBD597,Test@1234,ABD1237,1.23E+11,Aug-70,Atesting597,Testinga597,Atoz@gmail.com,9991110597,1-2-3-621,Noida,UP,500697,Aus
BBD598,Test@1234,ABD1238,1.23E+11,Sep-70,Atesting598,Testinga598,Atoz@gmail.com,9991110598,1-2-3-622,Delhi,MP,500698,Eng
BBD599,Test@1234,ABD1239,1.23E+11,Oct-70,Atesting599,Testinga599,Atoz@gmail.com,9991110599,1-2-3-623,gp,AP,500699,Fin
BBD600,Test@1234,ABD1240,1.23E+11,Nov-70,Atesting600,Testinga600,Atoz@gmail.com,9991110600,1-2-3-624,ap,Ch,500700,Can
BBD601,Test@1234,ABD1231,1.23E+11,Dec-70,Atesting601,Testinga601,Atoz@gmail.com,9991110601,1-2-3-625,Hyd,Tel,500701,Ind
BBD602,Test@1234,ABD1232,1.23E+11,Jan-71,Atesting602,Testinga602,Atoz@gmail.com,9991110602,1-2-3-626,Noida,UP,500702,Aus
BBD603,Test@1234,ABD1233,1.23E+11,Feb-71,Atesting603,Testinga603,Atoz@gmail.com,9991110603,1-2-3-627,Delhi,MP,500703,Eng
BBD604,Test@1234,ABD1234,1.23E+11,Mar-71,Atesting604,Testinga604,Atoz@gmail.com,9991110604,1-2-3-628,gp,AP,500704,Fin
BBD605,Test@1234,ABD1235,1.23E+11,Apr-71,Atesting605,Testinga605,Atoz@gmail.com,9991110605,1-2-3-629,ap,Ch,500705,Can
BBD606,Test@1234,ABD1236,1.23E+11,May-71,Atesting606,Testinga606,Atoz@gmail.com,9991110606,1-2-3-630,Hyd,Tel,500706,Ind
BBD607,Test@1234,ABD1237,1.23E+11,Jun-71,Atesting607,Testinga607,Atoz@gmail.com,9991110607,1-2-3-631,Noida,UP,500707,Aus
BBD608,Test@1234,ABD1238,1.23E+11,Jul-71,Atesting608,Testinga608,Atoz@gmail.com,9991110608,1-2-3-632,Delhi,MP,500708,Eng
BBD609,Test@1234,ABD1239,1.23E+11,Aug-71,Atesting609,Testinga609,Atoz@gmail.com,9991110609,1-2-3-633,gp,AP,500709,Fin
BBD610,Test@1234,ABD1240,1.23E+11,Sep-71,Atesting610,Testinga610,Atoz@gmail.com,9991110610,1-2-3-634,ap,Ch,500710,Can
BBD611,Test@1234,ABD1231,1.23E+11,Oct-71,Atesting611,Testinga611,Atoz@gmail.com,9991110611,1-2-3-635,Hyd,Tel,500711,Ind
BBD612,Test@1234,ABD1232,1.23E+11,Nov-71,Atesting612,Testinga612,Atoz@gmail.com,9991110612,1-2-3-636,Noida,UP,500712,Aus
BBD613,Test@1234,ABD1233,1.23E+11,Dec-71,Atesting613,Testinga613,Atoz@gmail.com,9991110613,1-2-3-637,Delhi,MP,500713,Eng
BBD614,Test@1234,ABD1234,1.23E+11,Jan-72,Atesting614,Testinga614,Atoz@gmail.com,9991110614,1-2-3-638,gp,AP,500714,Fin
BBD615,Test@1234,ABD1235,1.23E+11,Feb-72,Atesting615,Testinga615,Atoz@gmail.com,9991110615,1-2-3-639,ap,Ch,500715,Can
BBD616,Test@1234,ABD1236,1.23E+11,Mar-72,Atesting616,Testinga616,Atoz@gmail.com,9991110616,1-2-3-640,Hyd,Tel,500716,Ind
BBD617,Test@1234,ABD1237,1.23E+11,Apr-72,Atesting617,Testinga617,Atoz@gmail.com,9991110617,1-2-3-641,Noida,UP,500717,Aus
BBD618,Test@1234,ABD1238,1.23E+11,May-72,Atesting618,Testinga618,Atoz@gmail.com,9991110618,1-2-3-642,Delhi,MP,500718,Eng
BBD619,Test@1234,ABD1239,1.23E+11,Jun-72,Atesting619,Testinga619,Atoz@gmail.com,9991110619,1-2-3-643,gp,AP,500719,Fin
BBD620,Test@1234,ABD1240,1.23E+11,Jul-72,Atesting620,Testinga620,Atoz@gmail.com,9991110620,1-2-3-644,ap,Ch,500720,Can
BBD621,Test@1234,ABD1231,1.23E+11,Aug-72,Atesting621,Testinga621,Atoz@gmail.com,9991110621,1-2-3-645,Hyd,Tel,500721,Ind
BBD622,Test@1234,ABD1232,1.23E+11,Sep-72,Atesting622,Testinga622,Atoz@gmail.com,9991110622,1-2-3-646,Noida,UP,500722,Aus
BBD623,Test@1234,ABD1233,1.23E+11,Oct-72,Atesting623,Testinga623,Atoz@gmail.com,9991110623,1-2-3-647,Delhi,MP,500723,Eng
BBD624,Test@1234,ABD1234,1.23E+11,Nov-72,Atesting624,Testinga624,Atoz@gmail.com,9991110624,1-2-3-648,gp,AP,500724,Fin
BBD625,Test@1234,ABD1235,1.23E+11,Dec-72,Atesting625,Testinga625,Atoz@gmail.com,9991110625,1-2-3-649,ap,Ch,500725,Can
BBD626,Test@1234,ABD1236,1.23E+11,Jan-73,Atesting626,Testinga626,Atoz@gmail.com,9991110626,1-2-3-650,Hyd,Tel,500726,Ind
BBD627,Test@1234,ABD1237,1.23E+11,Feb-73,Atesting627,Testinga627,Atoz@gmail.com,9991110627,1-2-3-651,Noida,UP,500727,Aus
BBD628,Test@1234,ABD1238,1.23E+11,Mar-73,Atesting628,Testinga628,Atoz@gmail.com,9991110628,1-2-3-652,Delhi,MP,500728,Eng
BBD629,Test@1234,ABD1239,1.23E+11,Apr-73,Atesting629,Testinga629,Atoz@gmail.com,9991110629,1-2-3-653,gp,AP,500729,Fin
BBD630,Test@1234,ABD1240,1.23E+11,May-73,Atesting630,Testinga630,Atoz@gmail.com,9991110630,1-2-3-654,ap,Ch,500730,Can
BBD631,Test@1234,ABD1231,1.23E+11,Jun-73,Atesting631,Testinga631,Atoz@gmail.com,9991110631,1-2-3-655,Hyd,Tel,500731,Ind
BBD632,Test@1234,ABD1232,1.23E+11,Jul-73,Atesting632,Testinga632,Atoz@gmail.com,9991110632,1-2-3-656,Noida,UP,500732,Aus
BBD633,Test@1234,ABD1233,1.23E+11,Aug-73,Atesting633,Testinga633,Atoz@gmail.com,9991110633,1-2-3-657,Delhi,MP,500733,Eng
BBD634,Test@1234,ABD1234,1.23E+11,Sep-73,Atesting634,Testinga634,Atoz@gmail.com,9991110634,1-2-3-658,gp,AP,500734,Fin
BBD635,Test@1234,ABD1235,1.23E+11,Oct-73,Atesting635,Testinga635,Atoz@gmail.com,9991110635,1-2-3-659,ap,Ch,500735,Can
BBD636,Test@1234,ABD1236,1.23E+11,Nov-73,Atesting636,Testinga636,Atoz@gmail.com,9991110636,1-2-3-660,Hyd,Tel,500736,Ind
BBD637,Test@1234,ABD1237,1.23E+11,Dec-73,Atesting637,Testinga637,Atoz@gmail.com,9991110637,1-2-3-661,Noida,UP,500737,Aus
BBD638,Test@1234,ABD1238,1.23E+11,Jan-74,Atesting638,Testinga638,Atoz@gmail.com,9991110638,1-2-3-662,Delhi,MP,500738,Eng
BBD639,Test@1234,ABD1239,1.23E+11,Feb-74,Atesting639,Testinga639,Atoz@gmail.com,9991110639,1-2-3-663,gp,AP,500739,Fin
BBD640,Test@1234,ABD1240,1.23E+11,Mar-74,Atesting640,Testinga640,Atoz@gmail.com,9991110640,1-2-3-664,ap,Ch,500740,Can
BBD641,Test@1234,ABD1231,1.23E+11,Apr-74,Atesting641,Testinga641,Atoz@gmail.com,9991110641,1-2-3-665,Hyd,Tel,500741,Ind
BBD642,Test@1234,ABD1232,1.23E+11,May-74,Atesting642,Testinga642,Atoz@gmail.com,9991110642,1-2-3-666,Noida,UP,500742,Aus
BBD643,Test@1234,ABD1233,1.23E+11,Jun-74,Atesting643,Testinga643,Atoz@gmail.com,9991110643,1-2-3-667,Delhi,MP,500743,Eng
BBD644,Test@1234,ABD1234,1.23E+11,Jul-74,Atesting644,Testinga644,Atoz@gmail.com,9991110644,1-2-3-668,gp,AP,500744,Fin
BBD645,Test@1234,ABD1235,1.23E+11,Aug-74,Atesting645,Testinga645,Atoz@gmail.com,9991110645,1-2-3-669,ap,Ch,500745,Can
BBD646,Test@1234,ABD1236,1.23E+11,Sep-74,Atesting646,Testinga646,Atoz@gmail.com,9991110646,1-2-3-670,Hyd,Tel,500746,Ind
BBD647,Test@1234,ABD1237,1.23E+11,Oct-74,Atesting647,Testinga647,Atoz@gmail.com,9991110647,1-2-3-671,Noida,UP,500747,Aus
BBD648,Test@1234,ABD1238,1.23E+11,Nov-74,Atesting648,Testinga648,Atoz@gmail.com,9991110648,1-2-3-672,Delhi,MP,500748,Eng
BBD649,Test@1234,ABD1239,1.23E+11,Dec-74,Atesting649,Testinga649,Atoz@gmail.com,9991110649,1-2-3-673,gp,AP,500749,Fin
BBD650,Test@1234,ABD1240,1.23E+11,Jan-75,Atesting650,Testinga650,Atoz@gmail.com,9991110650,1-2-3-674,ap,Ch,500750,Can
BBD651,Test@1234,ABD1231,1.23E+11,Feb-75,Atesting651,Testinga651,Atoz@gmail.com,9991110651,1-2-3-675,Hyd,Tel,500751,Ind
BBD652,Test@1234,ABD1232,1.23E+11,Mar-75,Atesting652,Testinga652,Atoz@gmail.com,9991110652,1-2-3-676,Noida,UP,500752,Aus
BBD653,Test@1234,ABD1233,1.23E+11,Apr-75,Atesting653,Testinga653,Atoz@gmail.com,9991110653,1-2-3-677,Delhi,MP,500753,Eng
BBD654,Test@1234,ABD1234,1.23E+11,May-75,Atesting654,Testinga654,Atoz@gmail.com,9991110654,1-2-3-678,gp,AP,500754,Fin
BBD655,Test@1234,ABD1235,1.23E+11,Jun-75,Atesting655,Testinga655,Atoz@gmail.com,9991110655,1-2-3-679,ap,Ch,500755,Can
BBD656,Test@1234,ABD1236,1.23E+11,Jul-75,Atesting656,Testinga656,Atoz@gmail.com,9991110656,1-2-3-680,Hyd,Tel,500756,Ind
BBD657,Test@1234,ABD1237,1.23E+11,Aug-75,Atesting657,Testinga657,Atoz@gmail.com,9991110657,1-2-3-681,Noida,UP,500757,Aus
BBD658,Test@1234,ABD1238,1.23E+11,Sep-75,Atesting658,Testinga658,Atoz@gmail.com,9991110658,1-2-3-682,Delhi,MP,500758,Eng
BBD659,Test@1234,ABD1239,1.23E+11,Oct-75,Atesting659,Testinga659,Atoz@gmail.com,9991110659,1-2-3-683,gp,AP,500759,Fin
BBD660,Test@1234,ABD1240,1.23E+11,Nov-75,Atesting660,Testinga660,Atoz@gmail.com,9991110660,1-2-3-684,ap,Ch,500760,Can
BBD661,Test@1234,ABD1231,1.23E+11,Dec-75,Atesting661,Testinga661,Atoz@gmail.com,9991110661,1-2-3-685,Hyd,Tel,500761,Ind
BBD662,Test@1234,ABD1232,1.23E+11,Jan-76,Atesting662,Testinga662,Atoz@gmail.com,9991110662,1-2-3-686,Noida,UP,500762,Aus
BBD663,Test@1234,ABD1233,1.23E+11,Feb-76,Atesting663,Testinga663,Atoz@gmail.com,9991110663,1-2-3-687,Delhi,MP,500763,Eng
BBD664,Test@1234,ABD1234,1.23E+11,Mar-76,Atesting664,Testinga664,Atoz@gmail.com,9991110664,1-2-3-688,gp,AP,500764,Fin
BBD665,Test@1234,ABD1235,1.23E+11,Apr-76,Atesting665,Testinga665,Atoz@gmail.com,9991110665,1-2-3-689,ap,Ch,500765,Can
BBD666,Test@1234,ABD1236,1.23E+11,May-76,Atesting666,Testinga666,Atoz@gmail.com,9991110666,1-2-3-690,Hyd,Tel,500766,Ind
BBD667,Test@1234,ABD1237,1.23E+11,Jun-76,Atesting667,Testinga667,Atoz@gmail.com,9991110667,1-2-3-691,Noida,UP,500767,Aus
BBD668,Test@1234,ABD1238,1.23E+11,Jul-76,Atesting668,Testinga668,Atoz@gmail.com,9991110668,1-2-3-692,Delhi,MP,500768,Eng
BBD669,Test@1234,ABD1239,1.23E+11,Aug-76,Atesting669,Testinga669,Atoz@gmail.com,9991110669,1-2-3-693,gp,AP,500769,Fin
BBD670,Test@1234,ABD1240,1.23E+11,Sep-76,Atesting670,Testinga670,Atoz@gmail.com,9991110670,1-2-3-694,ap,Ch,500770,Can
BBD671,Test@1234,ABD1231,1.23E+11,Oct-76,Atesting671,Testinga671,Atoz@gmail.com,9991110671,1-2-3-695,Hyd,Tel,500771,Ind
BBD672,Test@1234,ABD1232,1.23E+11,Nov-76,Atesting672,Testinga672,Atoz@gmail.com,9991110672,1-2-3-696,Noida,UP,500772,Aus
BBD673,Test@1234,ABD1233,1.23E+11,Dec-76,Atesting673,Testinga673,Atoz@gmail.com,9991110673,1-2-3-697,Delhi,MP,500773,Eng
BBD674,Test@1234,ABD1234,1.23E+11,Jan-77,Atesting674,Testinga674,Atoz@gmail.com,9991110674,1-2-3-698,gp,AP,500774,Fin
BBD675,Test@1234,ABD1235,1.23E+11,Feb-77,Atesting675,Testinga675,Atoz@gmail.com,9991110675,1-2-3-699,ap,Ch,500775,Can
BBD676,Test@1234,ABD1236,1.23E+11,Mar-77,Atesting676,Testinga676,Atoz@gmail.com,9991110676,1-2-3-700,Hyd,Tel,500776,Ind
BBD677,Test@1234,ABD1237,1.23E+11,Apr-77,Atesting677,Testinga677,Atoz@gmail.com,9991110677,1-2-3-701,Noida,UP,500777,Aus
BBD678,Test@1234,ABD1238,1.23E+11,May-77,Atesting678,Testinga678,Atoz@gmail.com,9991110678,1-2-3-702,Delhi,MP,500778,Eng
BBD679,Test@1234,ABD1239,1.23E+11,Jun-77,Atesting679,Testinga679,Atoz@gmail.com,9991110679,1-2-3-703,gp,AP,500779,Fin
BBD680,Test@1234,ABD1240,1.23E+11,Jul-77,Atesting680,Testinga680,Atoz@gmail.com,9991110680,1-2-3-704,ap,Ch,500780,Can
BBD681,Test@1234,ABD1231,1.23E+11,Aug-77,Atesting681,Testinga681,Atoz@gmail.com,9991110681,1-2-3-705,Hyd,Tel,500781,Ind
BBD682,Test@1234,ABD1232,1.23E+11,Sep-77,Atesting682,Testinga682,Atoz@gmail.com,9991110682,1-2-3-706,Noida,UP,500782,Aus
BBD683,Test@1234,ABD1233,1.23E+11,Oct-77,Atesting683,Testinga683,Atoz@gmail.com,9991110683,1-2-3-707,Delhi,MP,500783,Eng
BBD684,Test@1234,ABD1234,1.23E+11,Nov-77,Atesting684,Testinga684,Atoz@gmail.com,9991110684,1-2-3-708,gp,AP,500784,Fin
BBD685,Test@1234,ABD1235,1.23E+11,Dec-77,Atesting685,Testinga685,Atoz@gmail.com,9991110685,1-2-3-709,ap,Ch,500785,Can
BBD686,Test@1234,ABD1236,1.23E+11,Jan-78,Atesting686,Testinga686,Atoz@gmail.com,9991110686,1-2-3-710,Hyd,Tel,500786,Ind
BBD687,Test@1234,ABD1237,1.23E+11,Feb-78,Atesting687,Testinga687,Atoz@gmail.com,9991110687,1-2-3-711,Noida,UP,500787,Aus
BBD688,Test@1234,ABD1238,1.23E+11,Mar-78,Atesting688,Testinga688,Atoz@gmail.com,9991110688,1-2-3-712,Delhi,MP,500788,Eng
BBD689,Test@1234,ABD1239,1.23E+11,Apr-78,Atesting689,Testinga689,Atoz@gmail.com,9991110689,1-2-3-713,gp,AP,500789,Fin
BBD690,Test@1234,ABD1240,1.23E+11,May-78,Atesting690,Testinga690,Atoz@gmail.com,9991110690,1-2-3-714,ap,Ch,500790,Can
BBD691,Test@1234,ABD1231,1.23E+11,Jun-78,Atesting691,Testinga691,Atoz@gmail.com,9991110691,1-2-3-715,Hyd,Tel,500791,Ind
BBD692,Test@1234,ABD1232,1.23E+11,Jul-78,Atesting692,Testinga692,Atoz@gmail.com,9991110692,1-2-3-716,Noida,UP,500792,Aus
BBD693,Test@1234,ABD1233,1.23E+11,Aug-78,Atesting693,Testinga693,Atoz@gmail.com,9991110693,1-2-3-717,Delhi,MP,500793,Eng
BBD694,Test@1234,ABD1234,1.23E+11,Sep-78,Atesting694,Testinga694,Atoz@gmail.com,9991110694,1-2-3-718,gp,AP,500794,Fin
BBD695,Test@1234,ABD1235,1.23E+11,Oct-78,Atesting695,Testinga695,Atoz@gmail.com,9991110695,1-2-3-719,ap,Ch,500795,Can
BBD696,Test@1234,ABD1236,1.23E+11,Nov-78,Atesting696,Testinga696,Atoz@gmail.com,9991110696,1-2-3-720,Hyd,Tel,500796,Ind
BBD697,Test@1234,ABD1237,1.23E+11,Dec-78,Atesting697,Testinga697,Atoz@gmail.com,9991110697,1-2-3-721,Noida,UP,500797,Aus
BBD698,Test@1234,ABD1238,1.23E+11,Jan-79,Atesting698,Testinga698,Atoz@gmail.com,9991110698,1-2-3-722,Delhi,MP,500798,Eng
BBD699,Test@1234,ABD1239,1.23E+11,Feb-79,Atesting699,Testinga699,Atoz@gmail.com,9991110699,1-2-3-723,gp,AP,500799,Fin
BBD700,Test@1234,ABD1240,1.23E+11,Mar-79,Atesting700,Testinga700,Atoz@gmail.com,9991110700,1-2-3-724,ap,Ch,500800,Can
BBD701,Test@1234,ABD1231,1.23E+11,Apr-79,Atesting701,Testinga701,Atoz@gmail.com,9991110701,1-2-3-725,Hyd,Tel,500801,Ind
BBD702,Test@1234,ABD1232,1.23E+11,May-79,Atesting702,Testinga702,Atoz@gmail.com,9991110702,1-2-3-726,Noida,UP,500802,Aus
BBD703,Test@1234,ABD1233,1.23E+11,Jun-79,Atesting703,Testinga703,Atoz@gmail.com,9991110703,1-2-3-727,Delhi,MP,500803,Eng
BBD704,Test@1234,ABD1234,1.23E+11,Jul-79,Atesting704,Testinga704,Atoz@gmail.com,9991110704,1-2-3-728,gp,AP,500804,Fin
BBD705,Test@1234,ABD1235,1.23E+11,Aug-79,Atesting705,Testinga705,Atoz@gmail.com,9991110705,1-2-3-729,ap,Ch,500805,Can
BBD706,Test@1234,ABD1236,1.23E+11,Sep-79,Atesting706,Testinga706,Atoz@gmail.com,9991110706,1-2-3-730,Hyd,Tel,500806,Ind
BBD707,Test@1234,ABD1237,1.23E+11,Oct-79,Atesting707,Testinga707,Atoz@gmail.com,9991110707,1-2-3-731,Noida,UP,500807,Aus
BBD708,Test@1234,ABD1238,1.23E+11,Nov-79,Atesting708,Testinga708,Atoz@gmail.com,9991110708,1-2-3-732,Delhi,MP,500808,Eng
BBD709,Test@1234,ABD1239,1.23E+11,Dec-79,Atesting709,Testinga709,Atoz@gmail.com,9991110709,1-2-3-733,gp,AP,500809,Fin
BBD710,Test@1234,ABD1240,1.23E+11,Jan-80,Atesting710,Testinga710,Atoz@gmail.com,9991110710,1-2-3-734,ap,Ch,500810,Can
BBD711,Test@1234,ABD1231,1.23E+11,Feb-80,Atesting711,Testinga711,Atoz@gmail.com,9991110711,1-2-3-735,Hyd,Tel,500811,Ind
BBD712,Test@1234,ABD1232,1.23E+11,Mar-80,Atesting712,Testinga712,Atoz@gmail.com,9991110712,1-2-3-736,Noida,UP,500812,Aus
BBD713,Test@1234,ABD1233,1.23E+11,Apr-80,Atesting713,Testinga713,Atoz@gmail.com,9991110713,1-2-3-737,Delhi,MP,500813,Eng
BBD714,Test@1234,ABD1234,1.23E+11,May-80,Atesting714,Testinga714,Atoz@gmail.com,9991110714,1-2-3-738,gp,AP,500814,Fin
BBD715,Test@1234,ABD1235,1.23E+11,Jun-80,Atesting715,Testinga715,Atoz@gmail.com,9991110715,1-2-3-739,ap,Ch,500815,Can
BBD716,Test@1234,ABD1236,1.23E+11,Jul-80,Atesting716,Testinga716,Atoz@gmail.com,9991110716,1-2-3-740,Hyd,Tel,500816,Ind
BBD717,Test@1234,ABD1237,1.23E+11,Aug-80,Atesting717,Testinga717,Atoz@gmail.com,9991110717,1-2-3-741,Noida,UP,500817,Aus
BBD718,Test@1234,ABD1238,1.23E+11,Sep-80,Atesting718,Testinga718,Atoz@gmail.com,9991110718,1-2-3-742,Delhi,MP,500818,Eng
BBD719,Test@1234,ABD1239,1.23E+11,Oct-80,Atesting719,Testinga719,Atoz@gmail.com,9991110719,1-2-3-743,gp,AP,500819,Fin
BBD720,Test@1234,ABD1240,1.23E+11,Nov-80,Atesting720,Testinga720,Atoz@gmail.com,9991110720,1-2-3-744,ap,Ch,500820,Can
BBD721,Test@1234,ABD1231,1.23E+11,Dec-80,Atesting721,Testinga721,Atoz@gmail.com,9991110721,1-2-3-745,Hyd,Tel,500821,Ind
BBD722,Test@1234,ABD1232,1.23E+11,Jan-81,Atesting722,Testinga722,Atoz@gmail.com,9991110722,1-2-3-746,Noida,UP,500822,Aus
BBD723,Test@1234,ABD1233,1.23E+11,Feb-81,Atesting723,Testinga723,Atoz@gmail.com,9991110723,1-2-3-747,Delhi,MP,500823,Eng
BBD724,Test@1234,ABD1234,1.23E+11,Mar-81,Atesting724,Testinga724,Atoz@gmail.com,9991110724,1-2-3-748,gp,AP,500824,Fin
BBD725,Test@1234,ABD1235,1.23E+11,Apr-81,Atesting725,Testinga725,Atoz@gmail.com,9991110725,1-2-3-749,ap,Ch,500825,Can
BBD726,Test@1234,ABD1236,1.23E+11,May-81,Atesting726,Testinga726,Atoz@gmail.com,9991110726,1-2-3-750,Hyd,Tel,500826,Ind
BBD727,Test@1234,ABD1237,1.23E+11,Jun-81,Atesting727,Testinga727,Atoz@gmail.com,9991110727,1-2-3-751,Noida,UP,500827,Aus
BBD728,Test@1234,ABD1238,1.23E+11,Jul-81,Atesting728,Testinga728,Atoz@gmail.com,9991110728,1-2-3-752,Delhi,MP,500828,Eng
BBD729,Test@1234,ABD1239,1.23E+11,Aug-81,Atesting729,Testinga729,Atoz@gmail.com,9991110729,1-2-3-753,gp,AP,500829,Fin
BBD730,Test@1234,ABD1240,1.23E+11,Sep-81,Atesting730,Testinga730,Atoz@gmail.com,9991110730,1-2-3-754,ap,Ch,500830,Can
BBD731,Test@1234,ABD1231,1.23E+11,Oct-81,Atesting731,Testinga731,Atoz@gmail.com,9991110731,1-2-3-755,Hyd,Tel,500831,Ind
BBD732,Test@1234,ABD1232,1.23E+11,Nov-81,Atesting732,Testinga732,Atoz@gmail.com,9991110732,1-2-3-756,Noida,UP,500832,Aus
BBD733,Test@1234,ABD1233,1.23E+11,Dec-81,Atesting733,Testinga733,Atoz@gmail.com,9991110733,1-2-3-757,Delhi,MP,500833,Eng
BBD734,Test@1234,ABD1234,1.23E+11,Jan-82,Atesting734,Testinga734,Atoz@gmail.com,9991110734,1-2-3-758,gp,AP,500834,Fin
BBD735,Test@1234,ABD1235,1.23E+11,Feb-82,Atesting735,Testinga735,Atoz@gmail.com,9991110735,1-2-3-759,ap,Ch,500835,Can
BBD736,Test@1234,ABD1236,1.23E+11,Mar-82,Atesting736,Testinga736,Atoz@gmail.com,9991110736,1-2-3-760,Hyd,Tel,500836,Ind
BBD737,Test@1234,ABD1237,1.23E+11,Apr-82,Atesting737,Testinga737,Atoz@gmail.com,9991110737,1-2-3-761,Noida,UP,500837,Aus
BBD738,Test@1234,ABD1238,1.23E+11,May-82,Atesting738,Testinga738,Atoz@gmail.com,9991110738,1-2-3-762,Delhi,MP,500838,Eng
BBD739,Test@1234,ABD1239,1.23E+11,Jun-82,Atesting739,Testinga739,Atoz@gmail.com,9991110739,1-2-3-763,gp,AP,500839,Fin
BBD740,Test@1234,ABD1240,1.23E+11,Jul-82,Atesting740,Testinga740,Atoz@gmail.com,9991110740,1-2-3-764,ap,Ch,500840,Can
BBD741,Test@1234,ABD1231,1.23E+11,Aug-82,Atesting741,Testinga741,Atoz@gmail.com,9991110741,1-2-3-765,Hyd,Tel,500841,Ind
BBD742,Test@1234,ABD1232,1.23E+11,Sep-82,Atesting742,Testinga742,Atoz@gmail.com,9991110742,1-2-3-766,Noida,UP,500842,Aus
BBD743,Test@1234,ABD1233,1.23E+11,Oct-82,Atesting743,Testinga743,Atoz@gmail.com,9991110743,1-2-3-767,Delhi,MP,500843,Eng
BBD744,Test@1234,ABD1234,1.23E+11,Nov-82,Atesting744,Testinga744,Atoz@gmail.com,9991110744,1-2-3-768,gp,AP,500844,Fin
BBD745,Test@1234,ABD1235,1.23E+11,Dec-82,Atesting745,Testinga745,Atoz@gmail.com,9991110745,1-2-3-769,ap,Ch,500845,Can
BBD746,Test@1234,ABD1236,1.23E+11,Jan-83,Atesting746,Testinga746,Atoz@gmail.com,9991110746,1-2-3-770,Hyd,Tel,500846,Ind
BBD747,Test@1234,ABD1237,1.23E+11,Feb-83,Atesting747,Testinga747,Atoz@gmail.com,9991110747,1-2-3-771,Noida,UP,500847,Aus
BBD748,Test@1234,ABD1238,1.23E+11,Mar-83,Atesting748,Testinga748,Atoz@gmail.com,9991110748,1-2-3-772,Delhi,MP,500848,Eng
BBD749,Test@1234,ABD1239,1.23E+11,Apr-83,Atesting749,Testinga749,Atoz@gmail.com,9991110749,1-2-3-773,gp,AP,500849,Fin
BBD750,Test@1234,ABD1240,1.23E+11,May-83,Atesting750,Testinga750,Atoz@gmail.com,9991110750,1-2-3-774,ap,Ch,500850,Can
BBD751,Test@1234,ABD1231,1.23E+11,Jun-83,Atesting751,Testinga751,Atoz@gmail.com,9991110751,1-2-3-775,Hyd,Tel,500851,Ind
BBD752,Test@1234,ABD1232,1.23E+11,Jul-83,Atesting752,Testinga752,Atoz@gmail.com,9991110752,1-2-3-776,Noida,UP,500852,Aus
BBD753,Test@1234,ABD1233,1.23E+11,Aug-83,Atesting753,Testinga753,Atoz@gmail.com,9991110753,1-2-3-777,Delhi,MP,500853,Eng
BBD754,Test@1234,ABD1234,1.23E+11,Sep-83,Atesting754,Testinga754,Atoz@gmail.com,9991110754,1-2-3-778,gp,AP,500854,Fin
BBD755,Test@1234,ABD1235,1.23E+11,Oct-83,Atesting755,Testinga755,Atoz@gmail.com,9991110755,1-2-3-779,ap,Ch,500855,Can
BBD756,Test@1234,ABD1236,1.23E+11,Nov-83,Atesting756,Testinga756,Atoz@gmail.com,9991110756,1-2-3-780,Hyd,Tel,500856,Ind
BBD757,Test@1234,ABD1237,1.23E+11,Dec-83,Atesting757,Testinga757,Atoz@gmail.com,9991110757,1-2-3-781,Noida,UP,500857,Aus
BBD758,Test@1234,ABD1238,1.23E+11,Jan-84,Atesting758,Testinga758,Atoz@gmail.com,9991110758,1-2-3-782,Delhi,MP,500858,Eng
BBD759,Test@1234,ABD1239,1.23E+11,Feb-84,Atesting759,Testinga759,Atoz@gmail.com,9991110759,1-2-3-783,gp,AP,500859,Fin
BBD760,Test@1234,ABD1240,1.23E+11,Mar-84,Atesting760,Testinga760,Atoz@gmail.com,9991110760,1-2-3-784,ap,Ch,500860,Can
